country,year,Both sexes,Female,Male,gender_parity_in_tertiary_education
Albania,1990-1991,27461,14100,13361,1.1
Albania,1995-1996,30086,16172,13914,1.2
Albania,2000-2001,40859,25069,15790,1.6
Albania,2001-2002,42160,26124,16036,1.6
Albania,2002-2003,43600,27180,16420,1.7
Albania,2003-2004,52609,32633,19976,1.6
Albania,2004-2005,63257,38128,25129,1.5
Albania,2005-2006,74157,43329,30828,1.4
Albania,2006-2007,86863,50419,36444,1.4
Albania,2007-2008,90606,50979,39627,1.3
Albania,2008-2009,93139,52610,40529,1.3
Albania,2009-2010,122326,68079,54247,1.3
Albania,2010-2011,134877,74718,60159,1.2
Albania,2011-2012,160839,89269,71570,1.2
Albania,2012-2013,173029,96668,76361,1.3
Albania,2013-2014,173819,98291,75528,1.3
Albania,2014-2015,160527,91038,69489,1.3
Albania,2015-2016,NA,NA,NA,NA
Albania,2016-2017,NA,NA,NA,NA
Albania,2017-2018,NA,NA,NA,NA
Armenia,1990-1991,69470,NA,NA,NA
Armenia,1995-1996,40326,NA,NA,NA
Armenia,2000-2001,90417,53024,37393,1.4
Armenia,2001-2002,99761,58471,41290,1.4
Armenia,2002-2003,104891,60523,44368,1.4
Armenia,2003-2004,108750,64973,43777,1.5
Armenia,2004-2005,115475,68589,46886,1.5
Armenia,2005-2006,127499,74039,53460,1.4
Armenia,2006-2007,135725,78358,57367,1.4
Armenia,2007-2008,141407,81476,59931,1.4
Armenia,2008-2009,146224,83077,63147,1.3
Armenia,2009-2010,146125,82676,63449,1.3
Armenia,2010-2011,141455,79066,62389,1.3
Armenia,2011-2012,121265,67856,53409,1.3
Armenia,2012-2013,116036,63577,52459,1.2
Armenia,2013-2014,113957,63013,50944,1.2
Armenia,2014-2015,106966,59208,47758,1.2
Armenia,2015-2016,107775,60669,47106,1.3
Armenia,2016-2017,NA,NA,NA,NA
Armenia,2017-2018,NA,NA,NA,NA
Austria,1990-1991,205767,NA,NA,NA
Austria,1995-1996,238981,NA,NA,NA
Austria,2000-2001,323192,162769,160423,1
Austria,2001-2002,283480,144816,138664,1
Austria,2002-2003,229802,121778,108024,1.1
Austria,2003-2004,238521,127206,111315,1.1
Austria,2004-2005,244410,131144,113266,1.2
Austria,2005-2006,253139,136240,116899,1.2
Austria,2006-2007,260975,140125,120850,1.2
Austria,2007-2008,284791,151771,133020,1.1
Austria,2008-2009,308150,164060,144090,1.1
Austria,2009-2010,350190,185907,164283,1.1
Austria,2010-2011,361797,193033,168764,1.1
Austria,2011-2012,376498,201192,175306,1.1
Austria,2012-2013,418228,223280,194948,1.1
Austria,2013-2014,421225,224470,196755,1.1
Austria,2014-2015,425972,226737,199235,1.1
Austria,2015-2016,431125,228708,202417,1.1
Austria,2016-2017,430370,227452,202919,1.1
Austria,2017-2018,NA,NA,NA,NA
Azerbaijan,1990-1991,163901,64342,99559,0.65
Azerbaijan,1995-1996,118105,57738,60367,0.96
Azerbaijan,2000-2001,120693,50203,70490,0.71
Azerbaijan,2001-2002,121475,53661,67814,0.79
Azerbaijan,2002-2003,121156,54117,67039,0.81
Azerbaijan,2003-2004,122770,56431,66339,0.85
Azerbaijan,2004-2005,128634,60131,68503,0.88
Azerbaijan,2005-2006,131507,62450,69057,0.9
Azerbaijan,2006-2007,181937,92635,89302,1.04
Azerbaijan,2007-2008,180298,89827,90471,0.99
Azerbaijan,2008-2009,180276,89456,90820,0.98
Azerbaijan,2009-2010,180727,89245,91482,0.98
Azerbaijan,2010-2011,181057,90065,90992,0.99
Azerbaijan,2011-2012,184834,92481,92353,1
Azerbaijan,2012-2013,187590,95844,91746,1.04
Azerbaijan,2013-2014,195401,100685,94716,1.06
Azerbaijan,2014-2015,NA,NA,NA,NA
Azerbaijan,2015-2016,NA,NA,NA,NA
Azerbaijan,2016-2017,NA,NA,NA,NA
Azerbaijan,2017-2018,200609,102248,98361,1.04
Belarus,1990-1991,335294,185132,150162,1.2
Belarus,1995-1996,322985,173946,149039,1.2
Belarus,2000-2001,437995,246071,191924,1.3
Belarus,2001-2002,463544,263272,200272,1.3
Belarus,2002-2003,488650,278862,209788,1.3
Belarus,2003-2004,507360,289517,217843,1.3
Belarus,2004-2005,528508,299984,228524,1.3
Belarus,2005-2006,544328,309293,235035,1.3
Belarus,2006-2007,556893,320022,236871,1.4
Belarus,2007-2008,544434,317320,227114,1.4
Belarus,2008-2009,554060,322636,231424,1.4
Belarus,2009-2010,568772,328463,240309,1.4
Belarus,2010-2011,584846,335472,249374,1.3
Belarus,2011-2012,587958,334512,253446,1.3
Belarus,2012-2013,562168,315399,246769,1.3
Belarus,2013-2014,517578,288657,228921,1.3
Belarus,2014-2015,477221,265504,211717,1.3
Belarus,2015-2016,443997,243966,200031,1.2
Belarus,2016-2017,418745,226360,192385,1.2
Belarus,2017-2018,389327,205903,183424,1.1
Belgium,1990-1991,276248,133339,142909,0.93
Belgium,1995-1996,358214,178833,179381,1
Belgium,2000-2001,359265,189813,169452,1.12
Belgium,2001-2002,366982,194843,172139,1.13
Belgium,2002-2003,374532,199796,174736,1.14
Belgium,2003-2004,386110,207756,178354,1.16
Belgium,2004-2005,389547,211974,177573,1.19
Belgium,2005-2006,394427,215784,178643,1.21
Belgium,2006-2007,393687,216315,177372,1.22
Belgium,2007-2008,401652,221043,180609,1.22
Belgium,2008-2009,425219,233037,192182,1.21
Belgium,2009-2010,445309,245759,199550,1.23
Belgium,2010-2011,462419,255564,206855,1.24
Belgium,2011-2012,477712,265070,212642,1.25
Belgium,2012-2013,488488,272169,216319,1.26
Belgium,2013-2014,495910,276979,218931,1.27
Belgium,2014-2015,504745,282046,222699,1.27
Belgium,2015-2016,508270,283066,225204,1.26
Belgium,2016-2017,526760,293031,233729,1.25
Belgium,2017-2018,NA,NA,NA,NA
Bosnia and Herzegovina,1990-1991,NA,NA,NA,NA
Bosnia and Herzegovina,1995-1996,NA,NA,NA,NA
Bosnia and Herzegovina,2000-2001,63425,NA,NA,NA
Bosnia and Herzegovina,2001-2002,64629,NA,NA,NA
Bosnia and Herzegovina,2002-2003,70671,NA,NA,NA
Bosnia and Herzegovina,2003-2004,77009,NA,NA,NA
Bosnia and Herzegovina,2004-2005,84422,47075,37347,1.3
Bosnia and Herzegovina,2005-2006,91263,50352,40911,1.2
Bosnia and Herzegovina,2006-2007,99557,55155,44402,1.2
Bosnia and Herzegovina,2007-2008,104938,58624,46314,1.3
Bosnia and Herzegovina,2008-2009,105488,59028,46460,1.3
Bosnia and Herzegovina,2009-2010,105137,58814,46323,1.3
Bosnia and Herzegovina,2010-2011,107537,59886,47651,1.3
Bosnia and Herzegovina,2011-2012,107083,59411,47672,1.2
Bosnia and Herzegovina,2012-2013,112607,62266,50341,1.2
Bosnia and Herzegovina,2013-2014,111970,62419,49551,1.3
Bosnia and Herzegovina,2014-2015,108475,60761,47714,1.3
Bosnia and Herzegovina,2015-2016,NA,NA,NA,NA
Bosnia and Herzegovina,2016-2017,NA,NA,NA,NA
Bosnia and Herzegovina,2017-2018,NA,NA,NA,NA
Bulgaria,1990-1991,188479,96807,91672,1.1
Bulgaria,1995-1996,250336,155226,95110,1.6
Bulgaria,2000-2001,247006,139081,107925,1.3
Bulgaria,2001-2002,228394,123261,105133,1.2
Bulgaria,2002-2003,230513,121709,108804,1.1
Bulgaria,2003-2004,228468,119890,108578,1.1
Bulgaria,2004-2005,237909,123940,113969,1.1
Bulgaria,2005-2006,243464,130156,113308,1.1
Bulgaria,2006-2007,258692,138954,119738,1.2
Bulgaria,2007-2008,264463,146324,118139,1.2
Bulgaria,2008-2009,274247,152480,121767,1.3
Bulgaria,2009-2010,287086,159377,127709,1.2
Bulgaria,2010-2011,285265,157215,128050,1.2
Bulgaria,2011-2012,284995,155713,129282,1.2
Bulgaria,2012-2013,283959,154873,129086,1.2
Bulgaria,2013-2014,283294,153742,129552,1.2
Bulgaria,2014-2015,278953,152201,126752,1.2
Bulgaria,2015-2016,266707,143799,122908,1.2
Bulgaria,2016-2017,249937,134303,115634,1.2
Bulgaria,2017-2018,NA,NA,NA,NA
Croatia,1990-1991,72342,NA,NA,NA
Croatia,1995-1996,86357,42117,44240,0.95
Croatia,2000-2001,104168,54637,49531,1.1
Croatia,2001-2002,112537,59028,53509,1.1
Croatia,2002-2003,121722,64749,56973,1.14
Croatia,2003-2004,126322,67828,58494,1.16
Croatia,2004-2005,134658,72507,62151,1.17
Croatia,2005-2006,136646,73968,62678,1.18
Croatia,2006-2007,139996,75683,64313,1.18
Croatia,2007-2008,143410,78303,65107,1.2
Croatia,2008-2009,139069,76516,62553,1.22
Croatia,2009-2010,140573,83811,56762,1.48
Croatia,2010-2011,153960,88257,65703,1.34
Croatia,2011-2012,157289,89142,68147,1.31
Croatia,2012-2013,164623,92940,71683,1.3
Croatia,2013-2014,165161,93402,71759,1.3
Croatia,2014-2015,162022,91496,70526,1.3
Croatia,2015-2016,162017,92107,69910,1.32
Croatia,2016-2017,165197,93750,71447,1.31
Croatia,2017-2018,NA,NA,NA,NA
Cyprus,1990-1991,6554,3377,3177,1.06
Cyprus,1995-1996,8874,5257,3617,1.45
Cyprus,2000-2001,11934,6923,5011,1.38
Cyprus,2001-2002,13927,7636,6291,1.21
Cyprus,2002-2003,18272,9044,9228,0.98
Cyprus,2003-2004,20849,9990,10859,0.92
Cyprus,2004-2005,20078,10442,9636,1.08
Cyprus,2005-2006,20587,10471,10116,1.04
Cyprus,2006-2007,22227,11137,11090,1
Cyprus,2007-2008,25688,12595,13093,0.96
Cyprus,2008-2009,30986,14511,16475,0.88
Cyprus,2009-2010,32233,14868,17365,0.86
Cyprus,2010-2011,32118,15987,16131,0.99
Cyprus,2011-2012,31772,16858,14914,1.13
Cyprus,2012-2013,31965,17693,14272,1.24
Cyprus,2013-2014,33674,19318,14356,1.35
Cyprus,2014-2015,37166,21099,16067,1.31
Cyprus,2015-2016,40347,22081,18266,1.21
Cyprus,2016-2017,45263,24432,20831,1.17
Cyprus,2017-2018,NA,NA,NA,NA
Czechia,1990-1991,118194,51562,66632,0.77
Czechia,1995-1996,191604,89654,101950,0.88
Czechia,2000-2001,260044,130298,129746,1
Czechia,2001-2002,284485,145747,138738,1.05
Czechia,2002-2003,287013,145453,141560,1.03
Czechia,2003-2004,318858,163409,155449,1.05
Czechia,2004-2005,336307,176965,159342,1.11
Czechia,2005-2006,338009,181914,156095,1.17
Czechia,2006-2007,363277,198570,164707,1.21
Czechia,2007-2008,392540,217682,174858,1.24
Czechia,2008-2009,416847,235416,181431,1.3
Czechia,2009-2010,437354,248501,188853,1.32
Czechia,2010-2011,446158,255195,190963,1.34
Czechia,2011-2012,440230,252025,188205,1.34
Czechia,2012-2013,427441,245414,182027,1.35
Czechia,2013-2014,418624,239225,179399,1.33
Czechia,2014-2015,395529,226601,168928,1.34
Czechia,2015-2016,371948,213189,158759,1.34
Czechia,2016-2017,352873,202484,150389,1.35
Czechia,2017-2018,NA,NA,NA,NA
Denmark,1990-1991,142968,NA,NA,NA
Denmark,1995-1996,174975,NA,NA,NA
Denmark,2000-2001,190791,107740,83051,1.3
Denmark,2001-2002,195241,112226,83015,1.4
Denmark,2002-2003,201746,116844,84902,1.4
Denmark,2003-2004,217130,125628,91502,1.4
Denmark,2004-2005,232255,133376,98879,1.3
Denmark,2005-2006,228893,131302,97591,1.3
Denmark,2006-2007,232194,133684,98510,1.4
Denmark,2007-2008,230707,133804,96903,1.4
Denmark,2008-2009,234574,136609,97965,1.4
Denmark,2009-2010,240536,139665,100871,1.4
Denmark,2010-2011,258932,149213,109719,1.4
Denmark,2011-2012,275009,157861,117148,1.3
Denmark,2012-2013,291147,165690,125457,1.3
Denmark,2013-2014,301399,172754,128645,1.3
Denmark,2014-2015,313756,179071,134685,1.3
Denmark,2015-2016,314822,177460,137362,1.3
Denmark,2016-2017,312379,176256,136123,1.3
Denmark,2017-2018,NA,NA,NA,NA
Estonia,1990-1991,25900,NA,NA,NA
Estonia,1995-1996,39726,NA,NA,NA
Estonia,2000-2001,57778,34719,23059,1.5
Estonia,2001-2002,60648,37269,23379,1.6
Estonia,2002-2003,63625,39153,24472,1.6
Estonia,2003-2004,65659,40558,25101,1.6
Estonia,2004-2005,67760,41677,26083,1.6
Estonia,2005-2006,68287,42054,26233,1.6
Estonia,2006-2007,68767,41987,26780,1.6
Estonia,2007-2008,68168,42066,26102,1.6
Estonia,2008-2009,68399,42352,26047,1.6
Estonia,2009-2010,68985,42034,26951,1.6
Estonia,2010-2011,69114,41285,27829,1.5
Estonia,2011-2012,67607,39997,27610,1.4
Estonia,2012-2013,64806,37886,26920,1.4
Estonia,2013-2014,59998,35230,24768,1.4
Estonia,2014-2015,55214,32469,22745,1.4
Estonia,2015-2016,51092,30000,21092,1.4
Estonia,2016-2017,47794,28149,19645,1.4
Estonia,2017-2018,NA,NA,NA,NA
Finland,1990-1991,165714,NA,NA,NA
Finland,1995-1996,213995,NA,NA,NA
Finland,2000-2001,279628,150585,129043,1.2
Finland,2001-2002,283805,153520,130285,1.2
Finland,2002-2003,291664,156012,135652,1.2
Finland,2003-2004,299888,160104,139784,1.1
Finland,2004-2005,305996,163872,142124,1.2
Finland,2005-2006,308966,166495,142471,1.2
Finland,2006-2007,309163,167003,142160,1.2
Finland,2007-2008,309648,167891,141757,1.2
Finland,2008-2009,296691,160251,136440,1.2
Finland,2009-2010,303554,163408,140146,1.2
Finland,2010-2011,308336,166466,141870,1.2
Finland,2011-2012,308924,165805,143119,1.2
Finland,2012-2013,309009,165862,143147,1.2
Finland,2013-2014,306080,164166,141914,1.2
Finland,2014-2015,302478,162113,140365,1.2
Finland,2015-2016,297163,158316,138847,1.1
Finland,2016-2017,295528,157046,138482,1.1
Finland,2017-2018,NA,NA,NA,NA
France,1990-1991,1698938,NA,NA,NA
France,1995-1996,2091688,NA,NA,NA
France,2000-2001,2031743,NA,NA,NA
France,2001-2002,2029179,NA,NA,NA
France,2002-2003,2119149,NA,NA,NA
France,2003-2004,2160300,NA,NA,NA
France,2004-2005,2187383,NA,NA,NA
France,2005-2006,2201201,1217193,984008,1.2
France,2006-2007,2179505,1205255,974250,1.2
France,2007-2008,2164538,1194974,969564,1.2
France,2008-2009,2172855,1199965,972890,1.2
France,2009-2010,2245097,1233760,1011337,1.2
France,2010-2011,2259448,1238682,1020766,1.2
France,2011-2012,2296306,1259140,1037166,1.2
France,2012-2013,2338135,1275557,1062578,1.2
France,2013-2014,2388880,1302362,1086518,1.2
France,2014-2015,2424158,1321220,1102938,1.2
France,2015-2016,2480186,1349543,1130643,1.2
France,2016-2017,2532831,1379311,1153520,1.2
France,2017-2018,NA,NA,NA,NA
Georgia,1990-1991,148391,68539,79852,0.86
Georgia,1995-1996,155033,81558,73475,1.11
Georgia,2000-2001,140627,68842,71785,0.96
Georgia,2001-2002,149142,74320,74822,0.99
Georgia,2002-2003,155453,75834,79619,0.95
Georgia,2003-2004,155058,78359,76699,1.02
Georgia,2004-2005,174255,87836,86419,1.02
Georgia,2005-2006,144991,76042,68949,1.1
Georgia,2006-2007,141303,73533,67770,1.09
Georgia,2007-2008,129926,70297,59629,1.18
Georgia,2008-2009,95225,52323,42902,1.22
Georgia,2009-2010,105696,58407,47289,1.24
Georgia,2010-2011,110557,60035,50522,1.19
Georgia,2011-2012,99376,55573,43803,1.27
Georgia,2012-2013,112746,63040,49706,1.27
Georgia,2013-2014,120923,66531,54392,1.22
Georgia,2014-2015,127633,68949,58684,1.17
Georgia,2015-2016,136709,71174,65535,1.09
Georgia,2016-2017,144337,73864,70473,1.05
Georgia,2017-2018,147785,74159,73626,1.01
Germany,1990-1991,2048627,NA,NA,NA
Germany,1995-1996,2144169,NA,NA,NA
Germany,2000-2001,2083945,1014075,1069870,0.95
Germany,2001-2002,2159708,1058896,1100812,0.96
Germany,2002-2003,2242397,1109082,1133315,0.98
Germany,2003-2004,2330457,1150947,1179510,0.98
Germany,2004-2005,2268741,1127168,1141573,0.99
Germany,2005-2006,2289465,1137777,1151688,0.99
Germany,2006-2007,2278897,1133518,1145379,0.99
Germany,2007-2008,2245138,1116184,1128954,0.99
Germany,2008-2009,2438600,1253308,1185292,1.06
Germany,2009-2010,2555559,1312177,1243382,1.06
Germany,2010-2011,2763116,1399089,1364027,1.03
Germany,2011-2012,2939463,1471723,1467740,1
Germany,2012-2013,2780013,1310074,1469939,0.89
Germany,2013-2014,2912204,1380533,1531671,0.9
Germany,2014-2015,2977781,1427647,1550134,0.92
Germany,2015-2016,3043084,1468274,1574810,0.93
Germany,2016-2017,3091694,1499669,1592025,0.94
Germany,2017-2018,NA,NA,NA,NA
Greece,1990-1991,283415,NA,NA,NA
Greece,1995-1996,329185,NA,NA,NA
Greece,2000-2001,478205,244413,233792,1.05
Greece,2001-2002,529233,271230,258003,1.05
Greece,2002-2003,561468,286091,275377,1.04
Greece,2003-2004,597007,308697,288310,1.07
Greece,2004-2005,646587,330440,316147,1.05
Greece,2005-2006,653003,332340,320663,1.04
Greece,2006-2007,602858,303867,298991,1.02
Greece,2007-2008,637623,NA,318205,NA
Greece,2008-2009,NA,NA,NA,NA
Greece,2009-2010,641844,319913,321931,0.99
Greece,2010-2011,659848,NA,334501,NA
Greece,2011-2012,663698,326026,337672,0.97
Greece,2012-2013,659284,321569,337715,0.95
Greece,2013-2014,677429,329740,347689,0.95
Greece,2014-2015,690868,336075,354793,0.95
Greece,2015-2016,709488,344203,365285,0.94
Greece,2016-2017,735027,356960,378067,0.94
Greece,2017-2018,NA,NA,NA,NA
Hungary,1990-1991,102387,NA,NA,NA
Hungary,1995-1996,194607,NA,NA,NA
Hungary,2000-2001,330549,181060,149489,1.2
Hungary,2001-2002,354386,195854,158532,1.2
Hungary,2002-2003,390453,221363,169090,1.3
Hungary,2003-2004,422177,241753,180424,1.3
Hungary,2004-2005,436012,254657,181355,1.4
Hungary,2005-2006,438702,256479,182223,1.4
Hungary,2006-2007,431572,251753,179819,1.4
Hungary,2007-2008,413715,239784,173931,1.4
Hungary,2008-2009,397679,225904,171775,1.3
Hungary,2009-2010,388950,219781,169169,1.3
Hungary,2010-2011,381927,213332,168595,1.3
Hungary,2011-2012,380757,211322,169435,1.2
Hungary,2012-2013,359040,198125,160915,1.2
Hungary,2013-2014,329455,182003,147452,1.2
Hungary,2014-2015,307729,167835,139894,1.2
Hungary,2015-2016,295328,160495,134833,1.2
Hungary,2016-2017,287018,155706,131312,1.2
Hungary,2017-2018,NA,NA,NA,NA
Iceland,1990-1991,5225,NA,NA,NA
Iceland,1995-1996,7483,NA,NA,NA
Iceland,2000-2001,10184,6383,3801,1.7
Iceland,2001-2002,11584,7322,4262,1.7
Iceland,2002-2003,13347,8497,4850,1.8
Iceland,2003-2004,14710,9491,5219,1.8
Iceland,2004-2005,15169,9846,5323,1.8
Iceland,2005-2006,15721,10116,5605,1.8
Iceland,2006-2007,15821,10148,5673,1.8
Iceland,2007-2008,16631,10716,5915,1.8
Iceland,2008-2009,16919,10875,6044,1.8
Iceland,2009-2010,18051,11453,6598,1.7
Iceland,2010-2011,18845,11727,7118,1.6
Iceland,2011-2012,19099,11929,7170,1.7
Iceland,2012-2013,19097,11879,7218,1.6
Iceland,2013-2014,19901,12423,7478,1.7
Iceland,2014-2015,18940,11911,7029,1.7
Iceland,2015-2016,18590,11850,6740,1.8
Iceland,2016-2017,17967,11447,6520,1.8
Iceland,2017-2018,NA,NA,NA,NA
Ireland,1990-1991,90296,NA,NA,NA
Ireland,1995-1996,128284,NA,NA,NA
Ireland,2000-2001,166600,91158,75442,1.2
Ireland,2001-2002,176296,97173,79123,1.2
Ireland,2002-2003,181557,101155,80402,1.3
Ireland,2003-2004,188315,103941,84374,1.2
Ireland,2004-2005,186084,101823,84261,1.2
Ireland,2005-2006,186044,102589,83455,1.2
Ireland,2006-2007,190349,105043,85306,1.2
Ireland,2007-2008,178518,96795,81723,1.2
Ireland,2008-2009,182609,98483,84126,1.2
Ireland,2009-2010,194009,101638,92371,1.1
Ireland,2010-2011,196321,101553,94768,1.1
Ireland,2011-2012,192647,97981,94666,1
Ireland,2012-2013,199428,100622,98806,1
Ireland,2013-2014,203912,103032,100880,1
Ireland,2014-2015,214632,109264,105368,1
Ireland,2015-2016,218411,112404,106007,1.1
Ireland,2016-2017,225031,116073,108958,1.1
Ireland,2017-2018,NA,NA,NA,NA
Italy,1990-1991,1452286,NA,NA,NA
Italy,1995-1996,1775186,NA,NA,NA
Italy,2000-2001,1812325,1014953,797372,1.3
Italy,2001-2002,1854200,1042977,811223,1.3
Italy,2002-2003,1913352,1076253,837099,1.3
Italy,2003-2004,1986497,1116589,869908,1.3
Italy,2004-2005,2014998,1139807,875191,1.3
Italy,2005-2006,2029023,1155491,873532,1.3
Italy,2006-2007,2033642,1163970,869672,1.3
Italy,2007-2008,2013856,1156515,857341,1.3
Italy,2008-2009,2011713,1160486,851227,1.4
Italy,2009-2010,1980399,1141084,839315,1.4
Italy,2010-2011,1967569,1134169,833400,1.4
Italy,2011-2012,1925930,1107337,818593,1.4
Italy,2012-2013,1872693,1068549,804144,1.3
Italy,2013-2014,1849159,1051674,797485,1.3
Italy,2014-2015,1826477,1028882,797595,1.3
Italy,2015-2016,1815950,1016442,799508,1.3
Italy,2016-2017,1837051,1021977,815074,1.3
Italy,2017-2018,NA,NA,NA,NA
Kazakhstan,1990-1991,NA,144499,142868,1
Kazakhstan,1995-1996,419460,230819,188641,1.2
Kazakhstan,2000-2001,NA,NA,NA,NA
Kazakhstan,2001-2002,NA,NA,NA,NA
Kazakhstan,2002-2003,NA,NA,NA,NA
Kazakhstan,2003-2004,NA,NA,NA,NA
Kazakhstan,2004-2005,NA,NA,NA,NA
Kazakhstan,2005-2006,879623,506263,373360,1.4
Kazakhstan,2006-2007,NA,NA,NA,NA
Kazakhstan,2007-2008,NA,NA,NA,NA
Kazakhstan,2008-2009,NA,NA,NA,NA
Kazakhstan,2009-2010,NA,NA,NA,NA
Kazakhstan,2010-2011,NA,NA,NA,NA
Kazakhstan,2011-2012,824309,458528,365781,1.3
Kazakhstan,2012-2013,781450,435049,346401,1.3
Kazakhstan,2013-2014,727401,402892,324509,1.2
Kazakhstan,2014-2015,658413,365407,293006,1.2
Kazakhstan,2015-2016,NA,NA,NA,NA
Kazakhstan,2016-2017,NA,NA,NA,NA
Kazakhstan,2017-2018,NA,NA,NA,NA
Kyrgyzstan,1990-1991,102200,NA,NA,NA
Kyrgyzstan,1995-1996,94015,51303,42712,1.2
Kyrgyzstan,2000-2001,190508,96780,93728,1
Kyrgyzstan,2001-2002,209245,110875,98370,1.1
Kyrgyzstan,2002-2003,201128,108720,92408,1.2
Kyrgyzstan,2003-2004,205224,110868,94356,1.2
Kyrgyzstan,2004-2005,220460,121828,98632,1.2
Kyrgyzstan,2005-2006,233463,129862,103601,1.3
Kyrgyzstan,2006-2007,239380,134290,105090,1.3
Kyrgyzstan,2007-2008,271532,155892,115640,1.3
Kyrgyzstan,2008-2009,266991,152420,114571,1.3
Kyrgyzstan,2009-2010,260583,147030,113553,1.3
Kyrgyzstan,2010-2011,258869,143030,115839,1.2
Kyrgyzstan,2011-2012,270198,149741,120457,1.2
Kyrgyzstan,2012-2013,284604,158800,125804,1.3
Kyrgyzstan,2013-2014,267918,149618,118300,1.3
Kyrgyzstan,2014-2015,265382,147826,117556,1.3
Kyrgyzstan,2015-2016,249903,137648,112255,1.2
Kyrgyzstan,2016-2017,255266,140931,114335,1.2
Kyrgyzstan,2017-2018,217693,120881,96812,1.2
Latvia,1990-1991,NA,NA,NA,NA
Latvia,1995-1996,NA,NA,NA,NA
Latvia,2000-2001,102783,63524,39259,1.6
Latvia,2001-2002,110500,67991,42509,1.6
Latvia,2002-2003,118944,73403,45541,1.6
Latvia,2003-2004,127656,79473,48183,1.6
Latvia,2004-2005,130706,82575,48131,1.7
Latvia,2005-2006,131125,83010,48115,1.7
Latvia,2006-2007,129497,82771,46726,1.8
Latvia,2007-2008,127760,82285,45475,1.8
Latvia,2008-2009,125360,79805,45555,1.8
Latvia,2009-2010,112567,70631,41936,1.7
Latvia,2010-2011,103856,63428,40428,1.6
Latvia,2011-2012,97041,57847,39194,1.5
Latvia,2012-2013,94474,55731,38743,1.4
Latvia,2013-2014,89671,51605,38066,1.4
Latvia,2014-2015,85881,51156,34725,1.5
Latvia,2015-2016,84282,49812,34470,1.4
Latvia,2016-2017,82914,48013,34901,1.4
Latvia,2017-2018,NA,NA,NA,NA
Lithuania,1990-1991,NA,NA,NA,NA
Lithuania,1995-1996,NA,NA,NA,NA
Lithuania,2000-2001,135923,81336,54587,1.5
Lithuania,2001-2002,148788,89947,58841,1.5
Lithuania,2002-2003,167606,100609,66997,1.5
Lithuania,2003-2004,182656,109578,73078,1.5
Lithuania,2004-2005,195405,117493,77912,1.5
Lithuania,2005-2006,198868,119157,79711,1.5
Lithuania,2006-2007,199855,120011,79844,1.5
Lithuania,2007-2008,204767,122660,82107,1.5
Lithuania,2008-2009,210744,124836,85908,1.5
Lithuania,2009-2010,201373,119653,81720,1.5
Lithuania,2010-2011,187117,110379,76738,1.4
Lithuania,2011-2012,175066,102313,72753,1.4
Lithuania,2012-2013,159695,93249,66446,1.4
Lithuania,2013-2014,148389,86175,62214,1.4
Lithuania,2014-2015,140629,80966,59663,1.4
Lithuania,2015-2016,133759,76071,57688,1.3
Lithuania,2016-2017,125863,71164,54699,1.3
Lithuania,2017-2018,NA,NA,NA,NA
Luxembourg,1990-1991,1298,NA,NA,NA
Luxembourg,1995-1996,2003,NA,NA,NA
Luxembourg,2000-2001,2533,NA,NA,NA
Luxembourg,2001-2002,2965,NA,NA,NA
Luxembourg,2002-2003,3077,NA,NA,NA
Luxembourg,2003-2004,NA,NA,NA,NA
Luxembourg,2004-2005,NA,NA,NA,NA
Luxembourg,2005-2006,2692,NA,NA,NA
Luxembourg,2006-2007,NA,NA,NA,NA
Luxembourg,2007-2008,3011,NA,NA,NA
Luxembourg,2008-2009,NA,NA,NA,NA
Luxembourg,2009-2010,NA,NA,NA,NA
Luxembourg,2010-2011,5376,NA,NA,NA
Luxembourg,2011-2012,6085,NA,NA,NA
Luxembourg,2012-2013,6617,3389,3228,1
Luxembourg,2013-2014,6788,3486,3302,1.1
Luxembourg,2014-2015,6896,3516,3380,1
Luxembourg,2015-2016,6954,3545,3409,1
Luxembourg,2016-2017,7058,3590,3468,1
Luxembourg,2017-2018,NA,NA,NA,NA
Malta,1990-1991,NA,NA,NA,NA
Malta,1995-1996,6263,NA,NA,NA
Malta,2000-2001,7422,4068,3354,1.2
Malta,2001-2002,7259,4131,3128,1.3
Malta,2002-2003,8946,5094,3852,1.3
Malta,2003-2004,7867,4397,3470,1.3
Malta,2004-2005,9441,5319,4122,1.3
Malta,2005-2006,8922,5089,3833,1.3
Malta,2006-2007,9811,5635,4176,1.3
Malta,2007-2008,9472,5484,3988,1.4
Malta,2008-2009,10352,5852,4500,1.3
Malta,2009-2010,10840,6107,4733,1.3
Malta,2010-2011,11491,6493,4998,1.3
Malta,2011-2012,12203,6850,5353,1.3
Malta,2012-2013,12574,6982,5592,1.2
Malta,2013-2014,12610,6918,5692,1.2
Malta,2014-2015,13216,7388,5828,1.3
Malta,2015-2016,13764,7505,6259,1.2
Malta,2016-2017,14425,8061,6364,1.3
Malta,2017-2018,NA,NA,NA,NA
Montenegro,1990-1991,NA,NA,NA,NA
Montenegro,1995-1996,NA,NA,NA,NA
Montenegro,2000-2001,8271,4675,3596,1.3
Montenegro,2001-2002,7878,4503,3375,1.3
Montenegro,2002-2003,8333,4891,3442,1.4
Montenegro,2003-2004,9759,5961,3798,1.6
Montenegro,2004-2005,11011,6630,4381,1.5
Montenegro,2005-2006,12903,7712,5191,1.5
Montenegro,2006-2007,16173,9248,6925,1.3
Montenegro,2007-2008,19450,10594,8856,1.2
Montenegro,2008-2009,22825,12607,10218,1.2
Montenegro,2009-2010,23846,12945,10901,1.2
Montenegro,2010-2011,25169,13568,11601,1.2
Montenegro,2011-2012,25313,13848,11465,1.2
Montenegro,2012-2013,24965,13431,11534,1.2
Montenegro,2013-2014,26080,13929,12151,1.1
Montenegro,2014-2015,26580,14193,12387,1.1
Montenegro,2015-2016,24643,13257,11386,1.2
Montenegro,2016-2017,25014,13609,11405,1.2
Montenegro,2017-2018,23826,13219,10607,1.2
Netherlands,1990-1991,NA,NA,NA,NA
Netherlands,1995-1996,NA,NA,NA,NA
Netherlands,2000-2001,504042,254539,249503,1
Netherlands,2001-2002,510843,259602,251241,1
Netherlands,2002-2003,526767,268716,258051,1
Netherlands,2003-2004,543396,276553,266843,1
Netherlands,2004-2005,564983,288081,276902,1
Netherlands,2005-2006,572147,293287,278860,1.1
Netherlands,2006-2007,582613,300489,282124,1.1
Netherlands,2007-2008,602286,311109,291177,1.1
Netherlands,2008-2009,618502,320548,297954,1.1
Netherlands,2009-2010,650905,337386,313519,1.1
Netherlands,2010-2011,780014,404224,375790,1.1
Netherlands,2011-2012,793678,408175,385503,1.1
Netherlands,2012-2013,674752,347666,327086,1.1
Netherlands,2013-2014,702183,360540,341643,1.1
Netherlands,2014-2015,842601,440744,401857,1.1
Netherlands,2015-2016,836946,434637,402309,1.1
Netherlands,2016-2017,875455,457757,417698,1.1
Netherlands,2017-2018,NA,NA,NA,NA
North Macedonia,1990-1991,NA,NA,NA,NA
North Macedonia,1995-1996,NA,NA,NA,NA
North Macedonia,2000-2001,40246,22463,17783,1.3
North Macedonia,2001-2002,44710,24691,20019,1.2
North Macedonia,2002-2003,45624,25621,20003,1.3
North Macedonia,2003-2004,46637,26594,20043,1.3
North Macedonia,2004-2005,49364,27987,21377,1.3
North Macedonia,2005-2006,48368,27411,20957,1.3
North Macedonia,2006-2007,58199,31728,26471,1.2
North Macedonia,2007-2008,65504,34867,30637,1.1
North Macedonia,2008-2009,65200,34541,30659,1.1
North Macedonia,2009-2010,61764,32504,29260,1.1
North Macedonia,2010-2011,67490,35877,31613,1.1
North Macedonia,2011-2012,63318,33745,29573,1.1
North Macedonia,2012-2013,60682,33120,27562,1.2
North Macedonia,2013-2014,60572,33014,27558,1.2
North Macedonia,2014-2015,63543,34508,29035,1.2
North Macedonia,2015-2016,NA,NA,NA,NA
North Macedonia,2016-2017,61488,34191,27297,1.3
North Macedonia,2017-2018,NA,NA,NA,NA
Norway,1990-1991,NA,NA,NA,NA
Norway,1995-1996,NA,NA,NA,NA
Norway,2000-2001,190054,112603,77451,1.5
Norway,2001-2002,197064,117545,79519,1.5
Norway,2002-2003,212395,126877,85518,1.5
Norway,2003-2004,213845,127417,86428,1.5
Norway,2004-2005,213940,127456,86484,1.5
Norway,2005-2006,214711,128285,86426,1.5
Norway,2006-2007,215237,129672,85565,1.5
Norway,2007-2008,212672,129375,83297,1.6
Norway,2008-2009,219282,133920,85362,1.6
Norway,2009-2010,224706,136646,88060,1.6
Norway,2010-2011,229743,138626,91117,1.5
Norway,2011-2012,238224,143196,95028,1.5
Norway,2012-2013,255416,150210,105206,1.4
Norway,2013-2014,264207,152791,111416,1.4
Norway,2014-2015,268231,155229,113002,1.4
Norway,2015-2016,277449,161378,116071,1.4
Norway,2016-2017,284042,165495,118547,1.4
Norway,2017-2018,NA,NA,NA,NA
Poland,1990-1991,NA,NA,NA,NA
Poland,1995-1996,NA,NA,NA,NA
Poland,2000-2001,1774985,1029892,745093,1.4
Poland,2001-2002,1906268,1103711,802557,1.4
Poland,2002-2003,1983360,1146643,836717,1.4
Poland,2003-2004,2044298,1176520,867778,1.4
Poland,2004-2005,2118081,1218072,900009,1.4
Poland,2005-2006,2145687,1231628,914059,1.3
Poland,2006-2007,2146926,1231790,915136,1.3
Poland,2007-2008,2165980,1247193,918787,1.4
Poland,2008-2009,2149998,1244568,905430,1.4
Poland,2009-2010,2148676,1271489,877187,1.4
Poland,2010-2011,2080334,1245414,834920,1.5
Poland,2011-2012,2007212,1201435,805777,1.5
Poland,2012-2013,1902718,1138141,764577,1.5
Poland,2013-2014,1762666,1046582,716084,1.5
Poland,2014-2015,1665305,983174,682131,1.4
Poland,2015-2016,1600208,944675,655533,1.4
Poland,2016-2017,1550203,915380,634823,1.4
Poland,2017-2018,NA,NA,NA,NA
Portugal,1990-1991,NA,NA,NA,NA
Portugal,1995-1996,319525,NA,NA,NA
Portugal,2000-2001,387703,221042,166661,1.3
Portugal,2001-2002,393738,223619,170119,1.3
Portugal,2002-2003,400831,226860,173971,1.3
Portugal,2003-2004,395063,221496,173567,1.3
Portugal,2004-2005,380937,212053,168884,1.3
Portugal,2005-2006,367312,202792,164520,1.2
Portugal,2006-2007,366729,197908,168821,1.2
Portugal,2007-2008,376917,201740,175177,1.2
Portugal,2008-2009,373002,199002,174000,1.1
Portugal,2009-2010,383627,204476,179151,1.1
Portugal,2010-2011,396268,211641,184627,1.1
Portugal,2011-2012,390273,208758,181515,1.2
Portugal,2012-2013,360818,191355,169463,1.1
Portugal,2013-2014,362200,193948,168252,1.2
Portugal,2014-2015,337507,179790,157717,1.1
Portugal,2015-2016,343117,182061,161056,1.1
Portugal,2016-2017,346963,184701,162262,1.1
Portugal,2017-2018,NA,NA,NA,NA
Republic of Moldova,1990-1991,104800,NA,NA,NA
Republic of Moldova,1995-1996,87700,48750,38950,1.3
Republic of Moldova,2000-2001,102825,57277,45548,1.3
Republic of Moldova,2001-2002,107731,61022,46709,1.3
Republic of Moldova,2002-2003,114238,64405,49833,1.3
Republic of Moldova,2003-2004,119981,68325,51656,1.3
Republic of Moldova,2004-2005,130350,76474,53876,1.4
Republic of Moldova,2005-2006,143750,82521,61229,1.3
Republic of Moldova,2006-2007,148449,85107,63342,1.3
Republic of Moldova,2007-2008,143601,83785,59816,1.4
Republic of Moldova,2008-2009,135147,77413,57734,1.3
Republic of Moldova,2009-2010,130168,73445,56723,1.3
Republic of Moldova,2010-2011,128988,73082,55906,1.3
Republic of Moldova,2011-2012,124784,69869,54915,1.3
Republic of Moldova,2012-2013,122464,67948,54516,1.2
Republic of Moldova,2013-2014,116325,65004,51321,1.3
Republic of Moldova,2014-2015,109395,61578,47817,1.3
Republic of Moldova,2015-2016,102655,57766,44889,1.3
Republic of Moldova,2016-2017,95967,53342,42625,1.3
Republic of Moldova,2017-2018,87277,48978,38299,1.3
Romania,1990-1991,192810,91021,101789,0.89
Romania,1995-1996,336141,169064,167077,1.01
Romania,2000-2001,533152,285305,247847,1.15
Romania,2001-2002,582221,316443,265778,1.19
Romania,2002-2003,643911,349673,294238,1.19
Romania,2003-2004,685718,375691,310027,1.21
Romania,2004-2005,738806,403697,335109,1.2
Romania,2005-2006,834969,462740,372229,1.24
Romania,2006-2007,928175,520709,407466,1.28
Romania,2007-2008,1056622,595369,461253,1.29
Romania,2008-2009,1098188,618096,480092,1.29
Romania,2009-2010,999523,564003,435520,1.3
Romania,2010-2011,871842,488037,383805,1.27
Romania,2011-2012,705333,383134,322199,1.19
Romania,2012-2013,618157,333226,284931,1.17
Romania,2013-2014,578706,311256,267450,1.16
Romania,2014-2015,541653,290671,250982,1.16
Romania,2015-2016,535218,288432,246786,1.17
Romania,2016-2017,531586,286636,244950,1.17
Romania,2017-2018,NA,NA,NA,NA
Russian Federation,1990-1991,5094500,2754100,2340400,1.2
Russian Federation,1995-1996,4714000,NA,NA,NA
Russian Federation,2000-2001,7167618,4002050,3165568,1.3
Russian Federation,2001-2002,7965217,4519791,3445426,1.3
Russian Federation,2002-2003,8592271,4798763,3793508,1.3
Russian Federation,2003-2004,8931856,5127008,3804848,1.3
Russian Federation,2004-2005,9534921,5367036,4167885,1.3
Russian Federation,2005-2006,9684755,5440831,4243924,1.3
Russian Federation,2006-2007,9848591,5524871,4323720,1.3
Russian Federation,2007-2008,10021350,5626258,4395092,1.3
Russian Federation,2008-2009,9909160,5544678,4364482,1.3
Russian Federation,2009-2010,9719732,5409060,4310672,1.3
Russian Federation,2010-2011,9337378,5176773,4160605,1.2
Russian Federation,2011-2012,8732579,4722939,4009640,1.2
Russian Federation,2012-2013,8313766,4443564,3870202,1.1
Russian Federation,2013-2014,7767588,4084728,3682860,1.1
Russian Federation,2014-2015,NA,NA,NA,NA
Russian Federation,2015-2016,NA,NA,NA,NA
Russian Federation,2016-2017,NA,NA,NA,NA
Russian Federation,2017-2018,NA,NA,NA,NA
Serbia,1990-1991,NA,NA,NA,NA
Serbia,1995-1996,NA,NA,NA,NA
Serbia,2000-2001,194198,104413,89785,1.2
Serbia,2001-2002,182941,99477,83464,1.2
Serbia,2002-2003,202799,112789,90010,1.3
Serbia,2003-2004,209674,117142,92532,1.3
Serbia,2004-2005,224873,124894,99979,1.2
Serbia,2005-2006,235686,130408,105278,1.2
Serbia,2006-2007,238710,131988,106722,1.2
Serbia,2007-2008,237598,131612,105986,1.2
Serbia,2008-2009,235940,130334,105606,1.2
Serbia,2009-2010,226772,125444,101328,1.2
Serbia,2010-2011,228531,127154,101377,1.3
Serbia,2011-2012,231661,129220,102441,1.3
Serbia,2012-2013,238945,133427,105518,1.3
Serbia,2013-2014,242848,134448,108400,1.2
Serbia,2014-2015,241054,134460,106594,1.3
Serbia,2015-2016,NA,NA,NA,NA
Serbia,2016-2017,NA,NA,NA,NA
Serbia,2017-2018,NA,NA,NA,NA
Slovakia,1990-1991,NA,NA,NA,NA
Slovakia,1995-1996,NA,NA,NA,NA
Slovakia,2000-2001,143909,73809,70100,1.1
Slovakia,2001-2002,152182,79263,72919,1.1
Slovakia,2002-2003,158089,83873,74216,1.1
Slovakia,2003-2004,164667,89024,75643,1.2
Slovakia,2004-2005,181419,100334,81085,1.2
Slovakia,2005-2006,197943,114181,83762,1.4
Slovakia,2006-2007,217952,128344,89608,1.4
Slovakia,2007-2008,229477,138357,91120,1.5
Slovakia,2008-2009,234997,142101,92896,1.5
Slovakia,2009-2010,234526,140126,94400,1.5
Slovakia,2010-2011,226305,134923,91382,1.5
Slovakia,2011-2012,221227,131871,89356,1.5
Slovakia,2012-2013,209543,125019,84524,1.5
Slovakia,2013-2014,197854,118030,79824,1.5
Slovakia,2014-2015,184390,109852,74538,1.5
Slovakia,2015-2016,167280,99048,68232,1.5
Slovakia,2016-2017,156048,92454,63594,1.5
Slovakia,2017-2018,NA,NA,NA,NA
Slovenia,1990-1991,NA,NA,NA,NA
Slovenia,1995-1996,NA,NA,NA,NA
Slovenia,2000-2001,91494,51323,40171,1.3
Slovenia,2001-2002,99214,57085,42129,1.4
Slovenia,2002-2003,101458,57037,44421,1.3
Slovenia,2003-2004,104396,59367,45029,1.3
Slovenia,2004-2005,112228,64885,47343,1.4
Slovenia,2005-2006,114794,67010,47784,1.4
Slovenia,2006-2007,115944,67588,48356,1.4
Slovenia,2007-2008,115445,67123,48322,1.4
Slovenia,2008-2009,114391,66304,48087,1.4
Slovenia,2009-2010,114873,66445,48428,1.4
Slovenia,2010-2011,107134,64952,42182,1.5
Slovenia,2011-2012,104003,60044,43959,1.4
Slovenia,2012-2013,97706,56223,41483,1.4
Slovenia,2013-2014,92769,54106,38663,1.4
Slovenia,2014-2015,85616,49806,35810,1.4
Slovenia,2015-2016,80798,46562,34236,1.4
Slovenia,2016-2017,79547,45749,33798,1.4
Slovenia,2017-2018,NA,NA,NA,NA
Spain,1990-1991,NA,NA,NA,NA
Spain,1995-1996,NA,NA,NA,NA
Spain,2000-2001,1833527,961984,871543,1.1
Spain,2001-2002,1832760,974039,858721,1.1
Spain,2002-2003,1840607,978081,862526,1.1
Spain,2003-2004,1839903,990306,849597,1.2
Spain,2004-2005,1809353,972119,837234,1.2
Spain,2005-2006,1789254,963679,825575,1.2
Spain,2006-2007,1777498,960352,817146,1.2
Spain,2007-2008,1781019,962272,818747,1.2
Spain,2008-2009,1800834,974439,826395,1.2
Spain,2009-2010,1878973,1013325,865648,1.2
Spain,2010-2011,1950482,1050922,899560,1.2
Spain,2011-2012,1965829,1053942,911887,1.2
Spain,2012-2013,1969413,1054579,914834,1.2
Spain,2013-2014,1982162,1057361,924801,1.1
Spain,2014-2015,1963924,1043704,920220,1.1
Spain,2015-2016,1968702,1048608,920094,1.1
Spain,2016-2017,2010183,1071776,938407,1.1
Spain,2017-2018,NA,NA,NA,NA
Sweden,1990-1991,NA,NA,NA,NA
Sweden,1995-1996,NA,NA,NA,NA
Sweden,2000-2001,358020,211468,146552,1.4
Sweden,2001-2002,382851,227682,155169,1.5
Sweden,2002-2003,414657,247091,167566,1.5
Sweden,2003-2004,428642,255123,173519,1.5
Sweden,2004-2005,426723,254325,172398,1.5
Sweden,2005-2006,422614,251782,170832,1.5
Sweden,2006-2007,413710,247894,165816,1.5
Sweden,2007-2008,406879,245309,161570,1.5
Sweden,2008-2009,422580,254120,168460,1.5
Sweden,2009-2010,455025,270289,184736,1.5
Sweden,2010-2011,463530,273969,189561,1.4
Sweden,2011-2012,453328,270702,182626,1.5
Sweden,2012-2013,436603,260611,175992,1.5
Sweden,2013-2014,429444,255164,174280,1.5
Sweden,2014-2015,439815,253700,186115,1.4
Sweden,2015-2016,426188,253070,173118,1.5
Sweden,2016-2017,426354,253884,172470,1.5
Sweden,2017-2018,NA,NA,NA,NA
Switzerland,1990-1991,137486,47647,89839,0.53
Switzerland,1995-1996,148024,55746,92278,0.6
Switzerland,2000-2001,163373,69747,93626,0.74
Switzerland,2001-2002,170085,73589,96496,0.76
Switzerland,2002-2003,185965,82258,103707,0.79
Switzerland,2003-2004,195947,88067,107880,0.82
Switzerland,2004-2005,199696,91945,107751,0.85
Switzerland,2005-2006,204999,96239,108760,0.88
Switzerland,2006-2007,213112,101409,111703,0.91
Switzerland,2007-2008,224469,110596,113873,0.97
Switzerland,2008-2009,233488,115953,117535,0.99
Switzerland,2009-2010,248639,122359,126280,0.97
Switzerland,2010-2011,257696,126914,130782,0.97
Switzerland,2011-2012,269573,132873,136700,0.97
Switzerland,2012-2013,279619,138434,141185,0.98
Switzerland,2013-2014,289722,143526,146196,0.98
Switzerland,2014-2015,294450,146643,147807,0.99
Switzerland,2015-2016,295149,146395,148754,0.98
Switzerland,2016-2017,300618,149455,151163,0.99
Switzerland,2017-2018,NA,NA,NA,NA
Tajikistan,1990-1991,NA,NA,NA,NA
Tajikistan,1995-1996,NA,NA,NA,NA
Tajikistan,2000-2001,78540,18742,59798,0.31
Tajikistan,2001-2002,85171,20854,64317,0.32
Tajikistan,2002-2003,97466,24348,73118,0.33
Tajikistan,2003-2004,108456,26924,81532,0.33
Tajikistan,2004-2005,119317,30947,88370,0.35
Tajikistan,2005-2006,133385,35775,97610,0.37
Tajikistan,2006-2007,147271,40423,106848,0.38
Tajikistan,2007-2008,155438,43870,111568,0.39
Tajikistan,2008-2009,157478,45735,111743,0.41
Tajikistan,2009-2010,159137,46260,112877,0.41
Tajikistan,2010-2011,153286,44283,109003,0.41
Tajikistan,2011-2012,194137,65856,128281,0.51
Tajikistan,2012-2013,194685,68872,125813,0.55
Tajikistan,2013-2014,209170,77536,131634,0.59
Tajikistan,2014-2015,224764,88422,136342,0.65
Tajikistan,2015-2016,NA,NA,NA,NA
Tajikistan,2016-2017,NA,NA,NA,NA
Tajikistan,2017-2018,NA,NA,NA,NA
Turkey,1990-1991,NA,NA,NA,NA
Turkey,1995-1996,NA,NA,NA,NA
Turkey,2000-2001,1091805,441831,649974,0.68
Turkey,2001-2002,1155686,474049,681637,0.7
Turkey,2002-2003,1256629,507414,749215,0.68
Turkey,2003-2004,1972662,816602,1156060,0.71
Turkey,2004-2005,2106351,881919,1224432,0.72
Turkey,2005-2006,2342898,992235,1350663,0.73
Turkey,2006-2007,2453664,1044539,1409125,0.74
Turkey,2007-2008,2532622,1090900,1441722,0.76
Turkey,2008-2009,2924281,1274618,1649663,0.77
Turkey,2009-2010,3529334,1566701,1962633,0.8
Turkey,2010-2011,3817086,1723602,2093484,0.82
Turkey,2011-2012,4353542,1978343,2375199,0.83
Turkey,2012-2013,4975690,2268753,2706937,0.84
Turkey,2013-2014,5472521,2508079,2964442,0.85
Turkey,2014-2015,6062886,2786228,3276658,0.85
Turkey,2015-2016,6689185,3067668,3621517,0.85
Turkey,2016-2017,7198987,3312880,3886107,0.85
Turkey,2017-2018,NA,NA,NA,NA
Turkmenistan,1990-1991,NA,NA,NA,NA
Turkmenistan,1995-1996,NA,NA,NA,NA
Turkmenistan,2000-2001,NA,NA,NA,NA
Turkmenistan,2001-2002,NA,NA,NA,NA
Turkmenistan,2002-2003,NA,NA,NA,NA
Turkmenistan,2003-2004,NA,NA,NA,NA
Turkmenistan,2004-2005,NA,NA,NA,NA
Turkmenistan,2005-2006,NA,NA,NA,NA
Turkmenistan,2006-2007,NA,NA,NA,NA
Turkmenistan,2007-2008,NA,NA,NA,NA
Turkmenistan,2008-2009,NA,NA,NA,NA
Turkmenistan,2009-2010,NA,NA,NA,NA
Turkmenistan,2010-2011,NA,NA,NA,NA
Turkmenistan,2011-2012,NA,NA,NA,NA
Turkmenistan,2012-2013,NA,NA,NA,NA
Turkmenistan,2013-2014,44411,17112,27299,0.63
Turkmenistan,2014-2015,NA,NA,NA,NA
Turkmenistan,2015-2016,NA,NA,NA,NA
Turkmenistan,2016-2017,NA,NA,NA,NA
Turkmenistan,2017-2018,NA,NA,NA,NA
Ukraine,1990-1991,NA,NA,NA,NA
Ukraine,1995-1996,NA,NA,NA,NA
Ukraine,2000-2001,1950755,NA,NA,NA
Ukraine,2001-2002,2134676,NA,NA,NA
Ukraine,2002-2003,2296221,1235249,1060972,1.2
Ukraine,2003-2004,2465074,1311963,1153111,1.1
Ukraine,2004-2005,2604875,1393427,1211448,1.2
Ukraine,2005-2006,2740342,1467292,1273050,1.2
Ukraine,2006-2007,2819248,1512694,1306554,1.2
Ukraine,2007-2008,2847713,1530697,1317016,1.2
Ukraine,2008-2009,2798693,1513454,1285239,1.2
Ukraine,2009-2010,2635004,1415159,1219845,1.2
Ukraine,2010-2011,2566279,1359142,1207137,1.1
Ukraine,2011-2012,2390989,1249834,1141155,1.1
Ukraine,2012-2013,2205595,1172416,1033179,1.1
Ukraine,2013-2014,2146028,1123819,1022209,1.1
Ukraine,2014-2015,1776190,930197,845993,1.1
Ukraine,2015-2016,NA,NA,NA,NA
Ukraine,2016-2017,NA,NA,NA,NA
Ukraine,2017-2018,1615290,834266,781024,1.1
United Kingdom,1990-1991,NA,NA,NA,NA
United Kingdom,1995-1996,1820849,919116,901733,1
United Kingdom,2000-2001,2067349,1127606,939743,1.2
United Kingdom,2001-2002,2240680,1237795,1002885,1.2
United Kingdom,2002-2003,2287833,1278980,1008853,1.3
United Kingdom,2003-2004,2247441,1282015,965426,1.3
United Kingdom,2004-2005,2287541,1308362,979179,1.3
United Kingdom,2005-2006,2336108,1339172,996936,1.3
United Kingdom,2006-2007,2362813,1352421,1010392,1.3
United Kingdom,2007-2008,2329494,1333039,996455,1.3
United Kingdom,2008-2009,2415223,1376060,1039163,1.3
United Kingdom,2009-2010,2479199,1402353,1076847,1.3
United Kingdom,2010-2011,2492284,1404452,1087832,1.3
United Kingdom,2011-2012,2495780,1404400,1091379,1.3
United Kingdom,2012-2013,2386199,1338154,1048045,1.3
United Kingdom,2013-2014,2352933,1316708,1036225,1.3
United Kingdom,2014-2015,2330334,1308441,1021894,1.3
United Kingdom,2015-2016,2387280,1346268,1041012,1.3
United Kingdom,2016-2017,2431886,1378588,1053298,1.3
United Kingdom,2017-2018,NA,NA,NA,NA
Uzbekistan,1990-1991,NA,NA,NA,NA
Uzbekistan,1995-1996,NA,NA,NA,NA
Uzbekistan,2000-2001,323211,143342,179869,0.8
Uzbekistan,2001-2002,344604,152013,192591,0.79
Uzbekistan,2002-2003,359708,155446,204262,0.76
Uzbekistan,2003-2004,376904,164231,212673,0.77
Uzbekistan,2004-2005,265957,108374,157583,0.69
Uzbekistan,2005-2006,280837,114815,166022,0.69
Uzbekistan,2006-2007,288550,118162,170388,0.69
Uzbekistan,2007-2008,299010,119212,179798,0.66
Uzbekistan,2008-2009,300782,121707,179075,0.68
Uzbekistan,2009-2010,289208,115692,173516,0.67
Uzbekistan,2010-2011,277437,106954,170483,0.63
Uzbekistan,2011-2012,255932,93887,162045,0.58
Uzbekistan,2012-2013,259592,94680,164912,0.57
Uzbekistan,2013-2014,260453,97073,163380,0.59
Uzbekistan,2014-2015,262368,98437,163931,0.6
Uzbekistan,2015-2016,265680,101331,164349,0.62
Uzbekistan,2016-2017,268281,102457,165824,0.62
Uzbekistan,2017-2018,297689,119180,178509,0.67
